Map File,Format,Types,Refs,RulesID,Keywords
005wbt - Gen10 Descendants Of Noah,idml,bbf; bbr; bwf; bwr; fcr,,wbt,
015wbt - Ancient World,idml; mapx,bbf; bbr; bwf; bwr; fcr,,wbt,
015wbt - Ancient World [bwf],idml; mapx,bwf,,wbt,
025wbt - Abraham To Canaan,idml,bbf; bbr; bwf; bwr; fcr,,wbt,
028wbt - Abraham To Egypt,idml,bwf; bwr; mcr,,wbt,
035wbt - Gen28 Jacob To Haran,idml,bwr,,wbt,
038wbt - Gen32-33 Jacob Returns,idml,bbf; bbr; bwf; bwr; fcr,GEN33,wbt,
055wbt - Exodus,idml; mapx,bbf; bbr; bwf; bwr; fcr,EXO14,wbt,
065wbt - Ruth,idml,bwr; mcr,RUT01,wbt,
075wbt - Conquest Canaan,idml; mapx,bbf; bbr; bwf; bwr; fcr,JOS1,wbt,
085wbt - Canaan,idml,bwf,JOS1,wbt,
095wbt - Kingdoms Israel Judah [bwf],idml,bwf,,wbt,
095wbt - Kingdoms Israel Judah,idml; mapx,bbf; bbr; bwr; bwf; fcr,,wbt,
105gt - Persian Empire,idml,bwf,,gt,
108gt - Jewish Calendar,idml,bwf,,gt,
110hk - Jerusalem Illustration,idml,bwf,,hk,
115wbt - Jerusalem,idml; mapx,bbf; bbr; bwr,,wbt,
120gt - Tabernacle,idml,bwf,,gt,
125hk - Temple,idml,bwf,,hk,
135hk - Temple Layout,idml,bwf,,hk,
135mh - Temple Layout,idml,bwf,,mh,
138gt - Ezekiels Temple,idml,bwf,EZE40,gt,
140gt - High Priest,idml; mapx,bwf,,gt,
143gt - Roman Soldier,idml; mapx,bwf,EPH06,gt,armor
155wbt - Holy Land,idml; mapx,bbf; bbr; bwf; bwr; fcr,,wbt,Israel; Palestine
155wbt - Holy Land [bwf],idml,bwf,,wbt,Israel; Palestine
165wbt - Christs Ministry,idml; mapx,bbf; bbr; bwf; bwr; fcr,,wbt,Israel; Palestine; Jesus
175wbt - Pentecost [bwf-dark],idml,bwf,ACT02,wbt,
175wbt - Pentecost [bwf-light],idml,bwf,ACT02,wbt,
185wbt - Philips Travels,idml; mapx,bbf; bbr; bwf; bwr; fcr,ACT08,wbt,
185wbt - Philips Travels [sm-bwf],idml; mapx,bwf,ACT08,wbt,
185wbt - Philips Travels [sm],idml; mapx,bbf; bbr; bwf; bwr; fcr,ACT08,wbt,
195wbt - Paul journey 1 [bwf-dark],idml; mapx,bwf,ACT13,wbt,
195wbt - Paul journey 1 [bwf-light],idml,bwf,ACT13,wbt,
195wbt - Paul journey 1 [bwr],idml,bwr,ACT13,wbt,
205wbt - Paul journey 2 [bwf-dark],idml; mapx,bwf,ACT16,wbt,
205wbt - Paul journey 2 [bwf-light],idml,bwf,ACT16,wbt,
205wbt - Paul journey 2 [bwr],idml,bwf,ACT16,wbt,
215wbt - Paul journey 3 [bwf-dark],idml; mapx,bwf,ACT18,wbt,
215wbt - Paul journey 3 [bwf-light],idml,bwf,ACT18,wbt,
215wbt - Paul journey 3 [bwr],idml,bwf,ACT18,wbt,
225wbt - Paul to Rome [bwf-dark],idml; mapx,bwf,ACT27,wbt,
225wbt - Paul to Rome [bwf-light],idml,bwf,ACT27,wbt,
225wbt - Paul to Rome [bwr],idml,bwr,ACT27,wbt,
235wbt - Paul Journeys [2pg],idml; mapx,bbf; bbr; bwf; bwr; fcr,ACT13,wbt,
235wbt - Paul Journeys [bwf-light],idml; mapx,bwf,ACT13,wbt,
245wbt - Seven Churches,idml; mapx,bwf; bwr; fcr,REV02,wbt,
245wbt - Seven Churches [bwf-dark],idml; mapx,bwf,REV02,wbt,
265wbt - World [flipped],idml,mcr; fcr,,wbt,
265wbt - World,idml,bbf; bbr; bwf; bwr; mcr,,wbt,
265wbt - World [EE],idml,fcr,,wbt,
265wbt - World [EE-flipped],idml,fcr,,wbt,
275wbt - World Simple,idml,bwf,,wbt,
278wbt - Africa,idml,bbf; bwf,,wbt,
285wbt - Mediterranean Area,idml; mapx,bbf; bbr; bwf; bwr; fcr,,wbt,
288gt - Roman Empire,idml,bwf,,gt,
015fmo - abraham,mapx,fcr; fcf; bwr; bwf,,fmo,
030fmo - canaan_time_of_patriarchs,mapx,fcr; fcf; bwr; bwf,,fmo,
055fmo - exodus,mapx,fcr; fcf; bwr; bwf,,fmo,
080fmo - israel_tribal_borders,mapx,fcr; fcf; bwr; bwf,,fmo,
090fmo - samuel_and_david,mapx,fcr; fcf; bwr; bwf,,fmo,
091fmo - samuel_far,mapx,fcr; fcf; bwr; bwf,,fmo,
100fmo - jonah,mapx,fcr; fcf; bwr; bwf,,fmo,
120fmo - tabernacle,mapx,fcr; fcf; bwr; bwf,,fmo,
143fmo - armor_of_god,mapx,fcr; fcf; bwr; bwf,EPH06,fmo,
155fmo - israel_at_the_time_of_jesus,mapx,fcr; fcf; bwr; bwf,,fmo,
160fmo - galilee_samaria,mapx,fcr; fcf; bwr; bwf,,fmo,
175fmo - acts_2,mapx,fcr; fcf; bwr; bwf,ACT02,fmo,
185fmo - acts_8,mapx,fcr; fcf; bwr; bwf,ACT08,fmo,
190fmo - acts_9-11,mapx,fcr; fcf; bwr; bwf,ACT09; ACT10; ACT11,fmo,
225fmo - paul_4,mapx,fcr; fcf; bwr; bwf,,fmo,
235fmo - paul_123,mapx,fcr; fcf; bwr; bwf,,fmo,
245fmo - seven_churches,mapx,fcr; fcf; bwr; bwf,,fmo,
288fmo - roman_empire,mapx,fcr; fcf; bwr; bwf,,fmo,